region	source	placements	walls	status
26_69	native-443	5719	782	PASS
26_70	native-443	3409	668	PASS
27_79	native-443	1772	0	PASS
27_80	native-443	5224	820	PASS
27_81	native-443	4722	773	PASS
28_68	native-443	5487	1468	PASS
28_70	native-443	230	0	PASS
28_75	native-443	577	118	PASS
28_76	native-443	143	0	PASS
28_79	native-443	1024	0	PASS
29_68	native-443	3017	823	PASS
29_70	native-443	915	503	PASS
29_72	native-443	9700	3132	PASS
29_75	native-443	3927	85	PASS
29_76	native-443	1904	25	PASS
29_77	native-443	4960	1061	PASS
29_79	fallback	6240	2552	PASS
29_80	native-443	440	99	PASS
29_81	native-443	5282	1051	PASS
29_83	native-443	1380	96	PASS
30_68	native-443	2164	758	PASS
30_69	native-443	11954	615	PASS
30_72	native-443	2046	226	PASS
30_73	native-443	2261	558	PASS
30_74	native-443	17	9	PASS
30_75	native-443	164	35	PASS
30_76	native-443	2969	701	PASS
30_77	native-443	1007	110	PASS
30_78	native-443	1005	321	PASS
30_79	fallback	3142	1318	PASS
30_80	native-443	3127	866	PASS
30_83	native-443	1378	166	PASS
31_69	native-443	3279	682	PASS
31_70	native-443	2032	1184	PASS
31_72	native-443	3504	609	PASS
31_73	native-443	1974	379	PASS
31_74	native-443	338	136	PASS
31_75	native-443	4346	85	PASS
31_76	native-443	3315	37	PASS
31_77	native-443	2096	500	PASS
31_78	native-443	505	0	PASS
31_79	native-443	3628	198	PASS
31_81	native-443	3894	1459	PASS
32_57	native-443	0	0	PASS
32_58	native-443	0	0	PASS
32_59	native-443	0	0	PASS
32_60	native-443	1798	352	PASS
32_61	native-443	2436	673	PASS
32_69	native-443	1189	325	PASS
32_70	native-443	289	0	PASS
32_71	native-443	1088	0	PASS
32_72	native-443	1088	0	PASS
32_73	native-443	1088	0	PASS
32_74	native-443	289	0	PASS
32_75	native-443	944	217	PASS
32_77	native-443	803	232	PASS
32_78	fallback	573	27	PASS
33_48	native-443	462	71	PASS
33_49	native-443	201	0	PASS
33_50	native-443	194	0	PASS
33_51	native-443	94	0	PASS
33_57	native-443	0	0	PASS
33_58	native-443	0	0	PASS
33_59	native-443	0	0	PASS
33_60	native-443	1763	445	PASS
33_61	native-443	927	204	PASS
33_70	native-443	1090	4	PASS
33_71	native-443	2122	389	PASS
33_72	native-443	1984	422	PASS
33_73	native-443	2007	431	PASS
33_74	native-443	1088	0	PASS
33_75	native-443	204	72	PASS
33_76	native-443	1339	294	PASS
33_77	native-443	620	0	PASS
33_78	native-443	533	72	PASS
33_79	native-443	3622	1194	PASS
33_80	native-443	749	0	PASS
33_82	fallback	3874	1007	PASS
34_48	native-443	849	13	PASS
34_49	native-443	1977	86	PASS
34_50	native-443	1814	74	PASS
34_51	native-443	1184	110	PASS
34_57	native-443	0	0	PASS
34_58	native-443	0	0	PASS
34_59	native-443	1357	480	PASS
34_60	native-443	0	0	PASS
34_61	native-443	0	0	PASS
34_70	native-443	289	0	PASS
34_71	native-443	1093	10	PASS
34_72	native-443	1088	0	PASS
34_73	native-443	1088	0	PASS
34_74	native-443	289	0	PASS
34_75	native-443	2454	221	PASS
34_77	native-443	3745	1153	PASS
34_78	native-443	600	0	PASS
35_48	native-443	569	0	PASS
35_49	native-443	1851	14	PASS
35_50	native-443	1944	35	PASS
35_51	native-443	1189	104	PASS
35_52	native-443	962	99	PASS
35_57	native-443	30	0	PASS
35_58	native-443	0	0	PASS
35_59	native-443	0	0	PASS
35_60	native-443	0	0	PASS
35_61	native-443	0	0	PASS
35_73	native-443	3280	134	PASS
35_74	native-443	1101	28	PASS
35_75	fallback	2619	736	PASS
35_78	native-443	491	0	PASS
36_46	native-443	0	0	PASS
36_47	native-443	798	0	PASS
36_48	native-443	663	101	PASS
36_49	native-443	2638	711	PASS
36_50	native-443	1095	78	PASS
36_51	native-443	1169	139	PASS
36_52	native-443	419	0	PASS
36_53	native-443	361	0	PASS
36_54	native-443	2345	174	PASS
36_55	native-443	3674	43	PASS
36_56	fallback	3351	36	PASS
36_57	native-443	1580	318	PASS
36_58	native-443	0	0	PASS
36_69	native-443	1976	367	PASS
36_71	native-443	1834	84	PASS
36_72	native-443	336	70	PASS
36_73	native-443	768	0	PASS
36_74	native-443	194	24	PASS
36_77	native-443	1407	468	PASS
36_78	native-443	509	0	PASS
36_79	native-443	4672	844	PASS
36_81	native-443	3566	1203	PASS
36_148	native-443	768	0	PASS
36_149	native-443	420	0	PASS
36_150	native-443	3901	187	PASS
36_152	native-443	0	0	PASS
36_153	native-443	3184	549	PASS
36_154	native-443	2937	668	PASS
36_161	native-443	1732	578	PASS
37_46	native-443	0	0	PASS
37_47	native-443	1454	195	PASS
37_48	native-443	3357	969	PASS
37_49	native-443	679	103	PASS
37_50	native-443	725	0	PASS
37_51	native-443	955	0	PASS
37_52	native-443	1858	33	PASS
37_53	fallback	2519	316	PASS
37_54	native-443	2451	277	PASS
37_55	native-443	1068	96	PASS
37_56	native-443	923	83	PASS
37_57	native-443	0	0	PASS
37_58	native-443	0	0	PASS
37_68	native-443	4555	728	PASS
37_69	native-443	4617	560	PASS
37_72	native-443	1270	140	PASS
37_73	native-443	2944	821	PASS
37_74	native-443	768	0	PASS
37_75	native-443	1469	0	PASS
37_77	native-443	1396	433	PASS
37_78	native-443	393	0	PASS
37_79	native-443	5976	972	PASS
37_80	native-443	7380	819	PASS
37_147	native-443	3360	1047	PASS
37_148	native-443	4791	426	PASS
37_149	native-443	1698	90	PASS
37_150	native-443	4599	1000	PASS
37_151	native-443	4553	720	PASS
37_152	native-443	193	0	PASS
37_153	native-443	2951	135	PASS
37_154	native-443	4567	346	PASS
38_46	native-443	282	0	PASS
38_47	native-443	1741	129	PASS
38_48	native-443	2337	517	PASS
38_49	native-443	2384	154	PASS
38_50	native-443	1678	135	PASS
38_51	fallback	2559	440	PASS
38_52	native-443	2113	239	PASS
38_53	native-443	2353	254	PASS
38_54	native-443	4001	746	PASS
38_55	native-443	335	35	PASS
38_56	native-443	1	0	PASS
38_57	native-443	1	0	PASS
38_58	native-443	0	0	PASS
38_59	native-443	0	0	PASS
38_60	native-443	2	0	PASS
38_61	native-443	0	0	PASS
38_68	native-443	4101	686	PASS
38_69	fallback	5225	673	PASS
38_71	fallback	553	112	PASS
38_72	native-443	466	24	PASS
38_73	native-443	1856	0	PASS
38_74	native-443	704	0	PASS
38_75	native-443	3751	159	PASS
38_77	native-443	3975	343	PASS
38_80	native-443	6390	1183	PASS
38_82	native-443	2364	619	PASS
38_146	native-443	1804	197	PASS
38_147	native-443	6530	674	PASS
38_148	native-443	922	0	PASS
38_149	native-443	501	0	PASS
38_150	native-443	4142	334	PASS
38_151	fallback	4936	1052	PASS
38_152	native-443	726	13	PASS
38_153	native-443	602	0	PASS
38_154	native-443	3531	734	PASS
38_155	native-443	896	0	PASS
38_158	native-443	1781	513	PASS
39_45	native-443	2370	11	PASS
39_46	native-443	1508	23	PASS
39_47	native-443	2001	385	PASS
39_48	fallback	2794	629	PASS
39_49	native-443	2351	264	PASS
39_50	native-443	1587	329	PASS
39_51	native-443	4225	1060	PASS
39_52	native-443	2376	408	PASS
39_53	fallback	1989	271	PASS
39_54	native-443	1941	222	PASS
39_55	fallback	2231	390	PASS
39_56	fallback	515	112	PASS
39_57	native-443	1	0	PASS
39_58	native-443	1042	168	PASS
39_59	native-443	100	0	PASS
39_60	native-443	3440	964	PASS
39_61	native-443	0	0	PASS
39_71	native-443	1718	0	PASS
39_72	native-443	1486	268	PASS
39_73	native-443	3142	184	PASS
39_74	native-443	1183	0	PASS
39_75	native-443	2071	95	PASS
39_77	native-443	1342	420	PASS
39_82	native-443	188	42	PASS
39_145	native-443	222	51	PASS
39_147	native-443	2829	434	PASS
39_148	native-443	1192	0	PASS
39_149	native-443	3585	204	PASS
39_150	native-443	419	159	PASS
39_151	native-443	857	110	PASS
39_152	fallback	402	219	PASS
39_153	native-443	2310	315	PASS
39_154	native-443	3211	65	PASS
39_155	native-443	779	24	PASS
39_156	native-443	1485	268	PASS
39_158	native-443	2086	727	PASS
39_160	native-443	5741	971	PASS
40_40	native-443	0	0	PASS
40_41	native-443	0	0	PASS
40_42	native-443	0	0	PASS
40_43	native-443	0	0	PASS
40_45	native-443	1891	18	PASS
40_46	native-443	1319	3	PASS
40_47	native-443	1076	50	PASS
40_48	native-443	4418	1085	PASS
40_49	native-443	4028	727	PASS
40_50	fallback	2743	439	PASS
40_51	fallback	5249	1469	PASS
40_52	fallback	3303	684	PASS
40_53	native-443	2642	369	PASS
40_54	native-443	1938	126	PASS
40_55	native-443	1	0	PASS
40_56	native-443	786	31	PASS
40_57	native-443	482	110	PASS
40_58	native-443	0	0	PASS
40_59	native-443	0	0	PASS
40_60	native-443	2579	788	PASS
40_61	native-443	80	0	PASS
40_69	native-443	3584	204	PASS
40_70	native-443	4731	325	PASS
40_71	native-443	1317	341	PASS
40_72	native-443	20	0	PASS
40_73	native-443	0	0	PASS
40_74	native-443	1495	0	PASS
40_75	native-443	1582	0	PASS
40_77	native-443	1334	387	PASS
40_81	native-443	2047	177	PASS
40_147	native-443	3324	458	PASS
40_148	native-443	4255	446	PASS
40_149	fallback	2021	198	PASS
40_150	fallback	2664	1177	PASS
40_151	native-443	1257	447	PASS
40_152	fallback	1837	116	PASS
40_153	fallback	2919	490	PASS
40_154	native-443	3834	301	PASS
40_160	native-443	5159	798	PASS
41_40	native-443	1084	160	PASS
41_41	native-443	923	245	PASS
41_42	native-443	0	0	PASS
41_43	native-443	0	0	PASS
41_44	native-443	0	0	PASS
41_45	native-443	0	0	PASS
41_46	native-443	404	0	PASS
41_47	native-443	0	0	PASS
41_48	native-443	790	153	PASS
41_49	fallback	2090	505	PASS
41_50	fallback	1250	86	PASS
41_51	fallback	4750	1329	PASS
41_52	native-443	3691	603	PASS
41_53	native-443	3252	391	PASS
41_54	native-443	2530	213	PASS
41_55	native-443	1463	78	PASS
41_56	native-443	1583	86	PASS
41_57	fallback	4382	915	PASS
41_58	native-443	204	16	PASS
41_59	native-443	0	0	PASS
41_60	native-443	0	0	PASS
41_61	native-443	1	0	PASS
41_70	native-443	4544	325	PASS
41_71	native-443	6016	351	PASS
41_72	native-443	0	0	PASS
41_73	native-443	2434	614	PASS
41_74	native-443	0	0	PASS
41_75	native-443	4419	479	PASS
41_79	native-443	3493	885	PASS
41_81	native-443	2659	0	PASS
41_146	native-443	2216	84	PASS
41_148	native-443	4414	978	PASS
41_149	native-443	4459	1119	PASS
41_150	native-443	1513	284	PASS
41_151	native-443	3931	291	PASS
41_152	native-443	1956	259	PASS
41_153	native-443	3578	461	PASS
41_154	native-443	4113	364	PASS
41_156	native-443	3120	478	PASS
41_157	native-443	3934	707	PASS
42_40	native-443	0	0	PASS
42_41	native-443	0	0	PASS
42_42	native-443	1617	33	PASS
42_43	native-443	1942	379	PASS
42_44	native-443	0	0	PASS
42_45	native-443	0	0	PASS
42_46	native-443	0	0	PASS
42_47	native-443	0	0	PASS
42_48	native-443	0	0	PASS
42_49	native-443	1000	0	PASS
42_50	native-443	738	16	PASS
42_51	native-443	2655	333	PASS
42_52	native-443	2684	485	PASS
42_53	native-443	1940	138	PASS
42_54	fallback	4963	1131	PASS
42_55	native-443	2341	424	PASS
42_56	native-443	1440	0	PASS
42_57	native-443	1289	6	PASS
42_58	fallback	1095	26	PASS
42_59	native-443	2562	314	PASS
42_60	native-443	6	0	PASS
42_61	native-443	0	0	PASS
42_69	fallback	13	3	PASS
42_70	fallback	23	3	PASS
42_71	native-443	1735	80	PASS
42_72	native-443	0	0	PASS
42_73	native-443	0	0	PASS
42_74	native-443	0	0	PASS
42_75	native-443	790	0	PASS
42_76	native-443	1032	454	PASS
42_79	native-443	3194	979	PASS
42_142	native-443	5248	1126	PASS
42_143	native-443	6881	429	PASS
42_147	native-443	2706	429	PASS
42_148	native-443	3596	886	PASS
42_149	native-443	1880	134	PASS
42_150	native-443	47	0	PASS
42_151	native-443	3470	271	PASS
42_152	native-443	3677	238	PASS
42_153	native-443	3293	327	PASS
42_154	native-443	3893	591	PASS
42_155	native-443	960	0	PASS
42_156	native-443	4307	714	PASS
42_159	native-443	825	136	PASS
43_40	native-443	0	0	PASS
43_41	native-443	0	0	PASS
43_42	native-443	1526	36	PASS
43_43	native-443	4064	1475	PASS
43_44	native-443	0	0	PASS
43_45	native-443	1944	0	PASS
43_46	native-443	1381	97	PASS
43_47	native-443	2349	198	PASS
43_48	native-443	2505	224	PASS
43_49	fallback	3620	533	PASS
43_50	native-443	958	185	PASS
43_51	native-443	1388	319	PASS
43_52	native-443	531	70	PASS
43_53	native-443	2797	533	PASS
43_54	native-443	3278	538	PASS
43_55	native-443	482	45	PASS
43_56	native-443	1574	32	PASS
43_57	native-443	1539	213	PASS
43_58	native-443	528	0	PASS
43_59	native-443	475	0	PASS
43_60	native-443	311	0	PASS
43_61	native-443	0	0	PASS
43_69	fallback	110	50	PASS
43_70	fallback	177	0	PASS
43_71	fallback	82	4	PASS
43_72	native-443	0	0	PASS
43_73	native-443	1674	572	PASS
43_74	native-443	1	0	PASS
43_75	native-443	615	216	PASS
43_77	native-443	2096	1094	PASS
43_142	native-443	6068	1272	PASS
43_143	native-443	6105	945	PASS
43_145	native-443	4065	1289	PASS
43_146	native-443	1752	192	PASS
43_148	native-443	110	0	PASS
43_149	native-443	3671	1465	PASS
43_150	native-443	184	0	PASS
43_153	native-443	462	92	PASS
43_154	native-443	1602	2	PASS
43_156	native-443	4348	743	PASS
43_157	native-443	3480	415	PASS
43_158	native-443	2640	140	PASS
43_159	native-443	3389	718	PASS
44_40	native-443	0	0	PASS
44_41	native-443	0	0	PASS
44_42	native-443	87	14	PASS
44_43	native-443	0	0	PASS
44_44	native-443	0	0	PASS
44_45	native-443	2567	0	PASS
44_46	fallback	4406	674	PASS
44_47	native-443	3105	0	PASS
44_48	fallback	2310	40	PASS
44_49	fallback	1224	38	PASS
44_50	native-443	681	33	PASS
44_51	native-443	568	18	PASS
44_52	fallback	2903	694	PASS
44_53	native-443	1380	241	PASS
44_54	fallback	1765	123	PASS
44_55	fallback	4436	1133	PASS
44_56	native-443	2411	46	PASS
44_57	native-443	2230	0	PASS
44_58	native-443	954	0	PASS
44_59	native-443	2676	0	PASS
44_71	native-443	428	0	PASS
44_75	native-443	1516	0	PASS
44_77	native-443	1353	611	PASS
44_79	native-443	3510	772	PASS
44_145	native-443	768	0	PASS
44_148	native-443	3949	640	PASS
44_149	native-443	3876	204	PASS
44_150	native-443	4268	350	PASS
44_151	native-443	588	0	PASS
44_152	native-443	3840	325	PASS
44_153	native-443	4293	696	PASS
44_154	fallback	4265	467	PASS
44_155	native-443	3983	641	PASS
44_157	native-443	5913	1114	PASS
44_158	native-443	2466	776	PASS
44_159	native-443	4278	1398	PASS
45_40	native-443	0	0	PASS
45_41	native-443	0	0	PASS
45_42	native-443	922	0	PASS
45_43	native-443	0	0	PASS
45_44	native-443	0	0	PASS
45_45	fallback	2377	0	PASS
45_46	native-443	2621	0	PASS
45_47	native-443	2972	0	PASS
45_48	native-443	1716	0	PASS
45_49	fallback	1934	221	PASS
45_50	native-443	2837	640	PASS
45_51	native-443	2373	334	PASS
45_52	fallback	2928	426	PASS
45_53	fallback	2902	689	PASS
45_54	fallback	2978	761	PASS
45_55	native-443	3531	1005	PASS
45_56	native-443	1772	8	PASS
45_57	fallback	1808	0	PASS
45_58	native-443	724	0	PASS
45_59	native-443	71	0	PASS
45_62	native-443	0	0	PASS
45_69	native-443	664	248	PASS
45_71	native-443	3943	1732	PASS
45_73	native-443	2801	629	PASS
45_75	native-443	4644	355	PASS
45_77	native-443	728	390	PASS
45_79	native-443	712	264	PASS
45_145	native-443	3568	696	PASS
45_146	native-443	2674	584	PASS
45_148	native-443	5039	955	PASS
45_150	native-443	421	176	PASS
45_151	native-443	3306	876	PASS
45_152	native-443	3992	430	PASS
45_153	native-443	3612	628	PASS
45_154	native-443	4229	326	PASS
45_155	native-443	2415	97	PASS
45_156	native-443	1715	99	PASS
45_157	native-443	3985	153	PASS
45_158	native-443	1670	361	PASS
45_159	fallback	4441	1239	PASS
46_40	native-443	0	0	PASS
46_41	native-443	0	0	PASS
46_42	native-443	0	0	PASS
46_43	native-443	0	0	PASS
46_44	native-443	0	0	PASS
46_45	native-443	405	0	PASS
46_46	native-443	218	21	PASS
46_47	native-443	1503	391	PASS
46_48	native-443	159	0	PASS
46_49	native-443	1811	265	PASS
46_50	native-443	3820	382	PASS
46_51	fallback	2807	497	PASS
46_52	fallback	5941	1777	PASS
46_53	native-443	3528	346	PASS
46_54	fallback	1775	115	PASS
46_55	fallback	1405	0	PASS
46_56	native-443	2403	0	PASS
46_57	fallback	2907	354	PASS
46_58	native-443	2550	94	PASS
46_59	native-443	2965	62	PASS
46_60	native-443	2325	0	PASS
46_61	native-443	2424	223	PASS
46_62	native-443	0	0	PASS
46_75	native-443	0	0	PASS
46_78	native-443	5617	1148	PASS
46_79	native-443	5768	1314	PASS
46_81	native-443	1300	169	PASS
46_148	native-443	3639	1255	PASS
46_149	native-443	3925	202	PASS
46_150	native-443	2549	737	PASS
46_152	native-443	1798	369	PASS
46_153	native-443	3925	360	PASS
46_154	native-443	784	120	PASS
46_161	native-443	733	144	PASS
47_40	native-443	0	0	PASS
47_41	native-443	0	0	PASS
47_42	native-443	0	0	PASS
47_43	native-443	0	0	PASS
47_44	native-443	0	0	PASS
47_45	native-443	0	0	PASS
47_46	native-443	0	0	PASS
47_47	native-443	244	0	PASS
47_48	native-443	473	31	PASS
47_49	native-443	1615	313	PASS
47_50	native-443	4660	957	PASS
47_51	native-443	3391	480	PASS
47_52	native-443	5801	1480	PASS
47_53	native-443	3476	218	PASS
47_54	fallback	2708	745	PASS
47_55	fallback	1186	12	PASS
47_56	native-443	3097	376	PASS
47_57	native-443	3223	359	PASS
47_58	native-443	2538	0	PASS
47_59	native-443	2667	0	PASS
47_60	native-443	3296	63	PASS
47_61	native-443	2874	253	PASS
47_62	native-443	0	0	PASS
47_70	native-443	4420	423	PASS
47_73	native-443	694	180	PASS
47_75	native-443	3530	549	PASS
47_76	native-443	3652	451	PASS
47_77	native-443	2246	240	PASS
47_78	native-443	5028	1528	PASS
47_79	native-443	5383	1227	PASS
47_81	native-443	3212	675	PASS
47_83	native-443	4091	428	PASS
47_85	native-443	1413	281	PASS
47_148	native-443	987	0	PASS
47_149	native-443	3578	678	PASS
47_150	native-443	733	8	PASS
47_152	fallback	3794	469	PASS
47_153	native-443	3092	447	PASS
47_155	native-443	0	0	PASS
47_160	native-443	2392	176	PASS
47_161	native-443	3053	476	PASS
48_45	native-443	0	0	PASS
48_46	native-443	0	0	PASS
48_47	native-443	484	17	PASS
48_48	native-443	3787	827	PASS
48_49	native-443	1136	341	PASS
48_50	native-443	2537	447	PASS
48_51	fallback	2880	314	PASS
48_52	native-443	4319	715	PASS
48_53	native-443	3174	344	PASS
48_54	fallback	2919	690	PASS
48_55	fallback	1301	28	PASS
48_56	native-443	2483	0	PASS
48_57	native-443	2901	0	PASS
48_58	native-443	2475	0	PASS
48_59	native-443	3123	0	PASS
48_60	native-443	3408	27	PASS
48_61	fallback	4492	746	PASS
48_62	native-443	0	0	PASS
48_81	native-443	721	132	PASS
48_145	native-443	15833	1624	PASS
48_148	native-443	4198	221	PASS
48_149	native-443	483	164	PASS
48_150	native-443	217	146	PASS
48_151	native-443	841	405	PASS
48_152	native-443	999	210	PASS
48_153	native-443	1538	274	PASS
48_154	native-443	4478	521	PASS
48_155	native-443	4110	371	PASS
48_156	native-443	1626	75	PASS
49_45	native-443	2789	60	PASS
49_46	native-443	1007	339	PASS
49_47	native-443	518	32	PASS
49_48	native-443	987	119	PASS
49_49	native-443	2046	37	PASS
49_50	native-443	2504	124	PASS
49_51	native-443	3034	463	PASS
49_52	native-443	2291	392	PASS
49_53	fallback	4101	1201	PASS
49_54	fallback	2581	363	PASS
49_55	fallback	1186	0	PASS
49_56	native-443	1817	0	PASS
49_57	native-443	2382	141	PASS
49_58	native-443	2778	344	PASS
49_59	native-443	2857	0	PASS
49_60	native-443	2412	2	PASS
49_61	native-443	2668	107	PASS
49_62	native-443	0	0	PASS
49_75	fallback	2557	790	PASS
49_83	native-443	4418	747	PASS
49_149	fallback	5000	10	PASS
49_150	native-443	4734	605	PASS
49_152	native-443	4340	426	PASS
49_153	native-443	1096	80	PASS
49_154	native-443	1446	392	PASS
49_155	native-443	1265	0	PASS
49_156	native-443	378	0	PASS
50_43	native-443	1060	589	PASS
50_44	native-443	145	0	PASS
50_45	native-443	880	4	PASS
50_46	native-443	383	0	PASS
50_47	native-443	394	0	PASS
50_48	native-443	241	0	PASS
50_49	native-443	1858	124	PASS
50_50	fallback	4644	1342	PASS
50_51	native-443	2399	396	PASS
50_52	native-443	3110	733	PASS
50_53	native-443	5819	1593	PASS
50_54	fallback	5045	1893	PASS
50_55	fallback	798	0	PASS
50_56	native-443	2747	61	PASS
50_57	native-443	2103	0	PASS
50_58	native-443	2520	0	PASS
50_59	native-443	2737	0	PASS
50_60	native-443	2691	7	PASS
50_61	native-443	2074	64	PASS
50_62	native-443	0	0	PASS
50_145	native-443	2735	1328	PASS
50_146	native-443	4959	722	PASS
50_148	native-443	2970	9	PASS
50_149	fallback	5246	4	PASS
50_150	native-443	6185	95	PASS
50_151	native-443	3635	198	PASS
50_152	native-443	559	148	PASS
50_153	native-443	743	48	PASS
50_154	native-443	1759	746	PASS
51_43	fallback	3562	1353	PASS
51_44	native-443	603	20	PASS
51_45	native-443	590	28	PASS
51_46	native-443	118	0	PASS
51_47	native-443	921	148	PASS
51_48	native-443	368	43	PASS
51_49	fallback	3132	969	PASS
51_50	native-443	1249	378	PASS
51_51	native-443	642	72	PASS
51_52	fallback	2003	507	PASS
51_53	native-443	2193	504	PASS
51_54	fallback	2774	753	PASS
51_55	fallback	1039	0	PASS
51_56	native-443	2237	0	PASS
51_57	native-443	2341	62	PASS
51_58	native-443	2338	10	PASS
51_59	native-443	1793	0	PASS
51_60	native-443	2791	65	PASS
51_61	native-443	2104	489	PASS
51_62	native-443	0	0	PASS
51_143	native-443	1087	488	PASS
51_146	native-443	3141	547	PASS
51_147	native-443	4149	908	PASS
51_150	fallback	5628	14	PASS
51_153	native-443	3713	1075	PASS
51_154	native-443	674	204	PASS
52_44	native-443	1143	474	PASS
52_45	fallback	220	0	PASS
52_46	native-443	2852	1157	PASS
52_47	native-443	33	0	PASS
52_48	native-443	201	40	PASS
52_49	native-443	295	7	PASS
52_50	native-443	3788	1169	PASS
52_51	native-443	1969	542	PASS
52_52	native-443	2373	314	PASS
52_53	native-443	3312	443	PASS
52_54	native-443	745	56	PASS
52_55	fallback	631	0	PASS
52_56	native-443	377	0	PASS
52_57	native-443	885	0	PASS
52_58	native-443	647	0	PASS
52_59	native-443	436	0	PASS
52_60	native-443	1005	207	PASS
52_61	native-443	1312	4	PASS
52_62	native-443	0	0	PASS
52_145	native-443	1372	145	PASS
52_148	native-443	634	24	PASS
52_149	native-443	3603	529	PASS
52_150	native-443	3343	1182	PASS
52_151	native-443	5892	3037	PASS
52_152	native-443	1231	437	PASS
52_153	fallback	1239	437	PASS
52_154	native-443	0	0	PASS
53_45	native-443	2947	1282	PASS
53_46	native-443	128	0	PASS
53_47	native-443	61	0	PASS
53_48	fallback	353	0	PASS
53_49	native-443	134	0	PASS
53_50	fallback	545	71	PASS
53_51	native-443	1659	1	PASS
53_52	native-443	1539	5	PASS
53_53	native-443	1587	0	PASS
53_54	fallback	1420	329	PASS
53_55	native-443	4483	1466	PASS
53_56	native-443	268	0	PASS
53_57	native-443	0	0	PASS
53_58	native-443	0	0	PASS
53_59	native-443	0	0	PASS
53_60	native-443	0	0	PASS
53_61	native-443	0	0	PASS
53_62	native-443	0	0	PASS
53_149	native-443	411	69	PASS
53_150	fallback	34	0	PASS
53_152	native-443	222	0	PASS
53_154	native-443	2426	2	PASS
54_48	native-443	739	251	PASS
54_49	native-443	538	60	PASS
54_50	fallback	2892	514	PASS
54_51	native-443	1927	72	PASS
54_52	native-443	1715	0	PASS
54_53	native-443	1851	6	PASS
54_54	fallback	3006	655	PASS
54_55	native-443	1422	145	PASS
54_56	native-443	0	0	PASS
54_148	native-443	4813	745	PASS
54_150	native-443	326	124	PASS
54_151	native-443	2392	26	PASS
54_153	native-443	5501	868	PASS
54_155	native-443	4067	564	PASS
55_48	native-443	0	0	PASS
55_49	native-443	1213	46	PASS
55_50	native-443	2787	173	PASS
55_51	native-443	2769	282	PASS
55_52	native-443	2762	1077	PASS
55_53	native-443	2428	82	PASS
55_54	native-443	2023	17	PASS
55_55	fallback	2576	668	PASS
55_56	native-443	0	0	PASS
55_151	native-443	7910	971	PASS
55_154	native-443	4646	1527	PASS
55_155	native-443	4485	603	PASS
56_45	native-443	0	0	PASS
56_46	native-443	0	0	PASS
56_47	native-443	0	0	PASS
56_48	native-443	0	0	PASS
56_49	native-443	1055	243	PASS
56_50	native-443	5806	2475	PASS
56_51	native-443	3515	1633	PASS
56_52	native-443	2117	821	PASS
56_54	native-443	1965	2	PASS
56_55	native-443	1839	294	PASS
56_56	native-443	0	0	PASS
56_150	native-443	743	242	PASS
56_151	native-443	219	71	PASS
57_45	native-443	243	65	PASS
57_46	fallback	4206	934	PASS
57_47	native-443	1976	0	PASS
57_48	native-443	0	0	PASS
57_54	native-443	4144	975	PASS
57_55	native-443	823	106	PASS
57_56	native-443	0	0	PASS
57_154	fallback	1747	414	PASS
57_155	native-443	105	42	PASS
58_45	native-443	0	0	PASS
58_46	native-443	2250	40	PASS
58_47	native-443	2393	0	PASS
58_48	native-443	0	0	PASS
58_54	native-443	253	42	PASS
58_55	native-443	0	0	PASS
58_56	native-443	0	0	PASS
58_146	native-443	1607	349	PASS
58_147	native-443	2260	506	PASS
59_45	native-443	64	64	PASS
59_46	native-443	3756	788	PASS
59_47	native-443	2436	138	PASS
59_48	native-443	0	0	PASS
59_54	native-443	0	0	PASS
59_55	native-443	676	0	PASS
59_56	native-443	0	0	PASS
59_147	native-443	2692	585	PASS
60_45	native-443	0	0	PASS
60_46	native-443	64	64	PASS
60_47	native-443	0	0	PASS
60_48	native-443	0	0	PASS
60_54	native-443	0	0	PASS
60_55	native-443	0	0	PASS
60_56	native-443	0	0	PASS
