region	action	before_placements	after_placements	before_walls	after_walls	removed_unsupported	corrected_shapes	sha256
38_69	placement-type-correction	5225	5225	673	673	0	13	e3726205b08f1048d178894454314cfe8438a7992cc0b36bb7c73c9c1e310471
42_54	historical-recovery	1873	4963	215	1131	0	0	3205157477137ebdb04ba43dcb51a9dbaffedec1c4dbabcd27ac3b5f36e9df34
42_58	placement-type-correction	1095	1095	26	26	0	1	bb5251ce5b47a24c469b59b69e72250e2529bfd48ac113584ba69757bdab40ab
44_54	placement-type-correction	1765	1765	123	123	0	3	81872a0bb8141d5ee30d4411b3ad45502644f70d70f175baf6a7b91fd7fb3919
45_54	historical-recovery	2848	2978	668	761	0	0	340968e8215eb65fb1cd1d4286aadbc9b4614e462d1d78891624d46bf562b1d5
46_54	placement-type-correction	1775	1775	115	115	0	1	af1c1bba23d1a6d9efc25e1e5d45128158228c2a5428795f0d6129fc223b18a3
48_51	placement-type-correction	2880	2880	314	314	0	318	f025be0e9223ce96f811ec895acf0ad65fd544dc63a35f839b88f7c3e063739e
48_54	historical-recovery	2804	2919	644	690	16	0	63158822f613e13a2bd91f049b47bc1a345afcebcec43014b426ac2b69035216
48_61	placement-type-correction	4492	4492	748	746	0	2	4b14c0a57a6d4fb3efdde74e87e783188ee79942cefa59d6a10e9f60909e2edb
51_52	historical-recovery	3117	2003	17	507	1	0	4b4b16faf05bfe525b9d68975208ff5d5d45950c17833f69af690a2e54ef535b
53_54	historical-recovery	1413	1420	323	329	1	0	2794bdde62b3a78dc1c6d53d00b209c42c1ca2ca45973945fd15d3634d26f939
54_54	historical-recovery	2628	3006	22	655	3	0	973c4aca2a819e156e900411f3467984d66b99c15aac3081c3b342a800a6e345
